id,name,email,phone
89142,Mandy Bradtke,mandy.bradtke46@margot.net,(333) 361-4959 x99255
66260,Ashleigh Buckridge,ashleigh_buckridge72@royce.net,1-759-823-8706 x3612
60468,Angela Heidenreich,angela88@lawrence.name,565.984.2406
57437,Maverick Conroy,maverick_conroy39@joshua.name,496-243-0689
62499,Celestine Cormier,celestine.cormier@thalia.net,1-825-396-5440
27091,Kallie Krajcik,kallie_krajcik@christina.name,1-774-609-1427 x48884
2882,Aurore Wiegand,aurore.wiegand@chyna.name,1-207-258-3825 x2021
62951,Winston Rohan,winston.rohan70@desiree.org,794-449-8880 x1151
76570,Regan Yundt,regan54@billie.net,735-700-9299
92713,Adella Batz,adella33@graham.org,(902) 295-9203 x10287
55207,Lila Auer,lila.auer@janice.org,(906) 410-2801
30474,Amely Jacobson,amely6@novella.name,1-372-547-5123 x664
37240,Roman Balistreri,roman49@maurice.com,708-216-3935
81787,Matt Wilderman,matt.wilderman34@chase.name,1-362-577-4306
48538,Donnie Beier,donnie_beier0@everette.com,(700) 437-6073
83752,Elna Berge,elna.berge83@larissa.com,684.395.6615
82673,Ressie Terry,ressie.terry44@lexi.net,808-473-6306 x7736
47517,Micah Hand,micah_hand99@christopher.biz,1-728-593-9399
74329,Danielle Beahan,danielle.beahan93@esperanza.com,656-823-0527 x31485
90573,Aric Nolan,aric87@laverne.net,335-306-9125
93351,Thalia Gutkowski,thalia.gutkowski59@peter.net,(893) 729-5716
16571,Hardy Emmerich,hardy50@valerie.biz,570.251.7001
90639,Malcolm Grimes,malcolm49@gabriella.name,1-693-271-6162 x859
83393,Meta Weimann,meta.weimann@kelvin.net,455-710-9695
90514,Sasha Haag,sasha.haag@cornell.biz,1-788-987-3408
67112,Carmelo Quigley,carmelo2@anastasia.biz,1-264-494-6609 x7009
71612,Tommie Homenick,tommie.homenick@frida.biz,1-713-498-1956 x848
85293,Robert Swift,robert.swift@stanley.com,(400) 219-5024 x83047
30288,Aileen Roob,aileen.roob@unique.name,915-658-1024
27088,Lesley Kuhn,lesley.kuhn21@johanna.name,413.390.9713 x926
64429,Maxime Crist,maxime90@dorian.com,545-916-4647 x23090
11873,Assunta O'Kon,assunta.okon43@rachael.net,(666) 307-3590
75962,Theron Hackett,theron.hackett@winona.com,632.710.1776
34851,Bryce Schinner,bryce76@ethan.net,855.481.3599 x0109
19812,Michael Schuster,michael74@magnus.com,(712) 620-7150
15118,Nova Kreiger,nova.kreiger19@tyson.biz,714-799-6044 x72370
54674,Carolyne Erdman,carolyne.erdman@tania.org,217.607.0413
72098,Mitchel Ferry,mitchel78@devonte.name,(789) 713-6303 x902
11529,Abigayle Ward,abigayle_ward93@alek.net,318.210.0913
80209,Hettie Macejkovic,hettie47@demarco.name,1-518-365-7011 x2413
6368,Hiram Becker,hiram76@harley.org,1-541-325-9851 x09193
40553,Justus Aufderhar,justus30@vivianne.org,1-209-587-6711
92506,Hortense Powlowski,hortense.powlowski@triston.org,470-257-5512
20483,Jermain Paucek,jermain.paucek@kelli.com,478.801.1344
34434,Jose Oberbrunner,jose56@mona.org,(610) 300-6072
17845,Linda Kutch,linda.kutch53@rico.biz,(533) 638-3084 x0235
45497,Terrell Heathcote,terrell.heathcote@coralie.net,609-789-2509
87199,Evangeline Cassin,evangeline_cassin51@adrianna.biz,562.691.9969
87988,Mackenzie Mayer,mackenzie.mayer65@shayna.net,1-701-532-8837
68892,Minnie Becker,minnie21@jerry.info,339-887-5184 x776
64464,Maribel Padberg,maribel.padberg21@yolanda.org,265.954.7966
48129,Alexandrine Gleason,alexandrine60@susan.biz,1-601-348-9866 x82810
60021,Freda Morissette,freda_morissette@ramiro.name,1-580-550-5543
71554,Mireya Reinger,mireya_reinger@zetta.net,347-357-0678 x24447
28872,Carol Kuhlman,carol.kuhlman88@kolby.org,460.639.0773
30057,Alexzander Parker,alexzander.parker@arely.com,(875) 396-8129 x665
63892,Fausto Howell,fausto86@linwood.net,(207) 980-9327
70589,Isobel Reinger,isobel_reinger60@kasey.net,230.729.3737
16311,Joey Boehm,joey_boehm61@alaina.info,1-833-672-8994 x0510
27332,Elsie Jakubowski,elsie6@herbert.biz,657-758-5266 x64432
67099,Bernadine Kuphal,bernadine_kuphal@clemmie.biz,762-573-0997 x473
66707,Magdalen Paucek,magdalen.paucek@otto.biz,610-818-9988 x030
78267,Alexis Marvin,alexis82@woodrow.com,(236) 962-0861
91918,Jaden Thiel,jaden69@eveline.net,720-364-2618 x751
16823,Blaze Effertz,blaze_effertz@kathryne.com,1-811-894-5223 x32570
39880,Estelle Wolff,estelle76@jazmyne.info,659.472.2174 x0442
98887,Jordon Reynolds,jordon_reynolds65@skye.org,695.740.4100 x6631
64990,Johann Bahringer,johann.bahringer46@idell.com,786-385-3862 x552
64613,Leonor Skiles,leonor89@reanna.org,1-230-790-7785
50577,Kendrick Cronin,kendrick_cronin@akeem.biz,1-309-697-6582 x216
96429,Gus Grant,gus.grant21@daisy.biz,758-441-6986
76829,Ulices Heathcote,ulices.heathcote@derrick.name,(874) 866-7421
74851,Regan Borer,regan.borer@hettie.name,600.863.5706 x316
55915,Buddy Herman,buddy_herman4@dolores.name,1-927-227-5870
57957,Eden Shanahan,eden.shanahan@kacie.name,1-527-972-6852 x419
56460,Pearline Maggio,pearline.maggio@isaiah.info,627.603.9617 x661
36177,Maybelle Windler,maybelle_windler@madaline.org,(446) 263-0143 x2408
86585,Noelia Hagenes,noelia_hagenes41@jayme.name,1-362-675-2966 x9446
9738,Bill Sauer,bill.sauer42@sophia.info,(714) 998-6087
15086,Keon Wisozk,keon_wisozk@conrad.biz,(564) 965-8819
15576,Guido Pfannerstill,guido_pfannerstill@leone.biz,(550) 454-1260
74941,Frederik Pollich,frederik_pollich@alvah.name,848-684-5249 x85864
95237,Marcelina Kertzmann,marcelina91@madalyn.info,565-840-0340
2648,Phyllis Reynolds,phyllis_reynolds@meagan.net,350.638.0221 x98334
50564,Selena Gleason,selena.gleason@nathan.biz,(309) 685-8329
23865,Shanelle Rempel,shanelle67@christopher.info,1-972-824-4553 x100
72640,Benny Streich,benny_streich3@obie.info,(992) 387-7126
55353,Ransom Sporer,ransom_sporer@eldred.org,1-221-603-7292 x7453
33088,Stone Doyle,stone.doyle@celine.com,1-778-637-7700
88693,Luna Murazik,luna.murazik96@candelario.net,1-358-647-5177 x9291
17429,Brooks Sipes,brooks.sipes@amiya.name,706-845-8741 x0730
21624,Ruben Dickinson,ruben.dickinson@morris.net,1-960-775-9036 x020
43626,Krista Turner,krista86@myrtice.org,221.658.5237 x548
42698,Alexa Reynolds,alexa2@hal.net,809-682-3568 x812
2628,Leonora Considine,leonora.considine@major.com,(405) 599-7385 x8636
32334,June Smitham,june_smitham22@destini.biz,1-872-929-6119
34641,Jovanny Treutel,jovanny.treutel62@trever.name,816-504-2557 x2762
35352,Oscar Waters,oscar_waters@karley.com,(878) 575-2470 x2073
64715,Deontae Zulauf,deontae4@gustave.com,(340) 972-3841 x3392
40062,Hardy McKenzie,hardy_mckenzie72@orin.biz,1-984-980-9705
38518,Valentin Armstrong,valentin_armstrong1@kaitlyn.com,924-482-3731
31399,Maida Ortiz,maida23@jaquelin.biz,941-332-2540
51516,Emiliano Pollich,emiliano.pollich@marielle.name,675-532-9424
45604,Gerda Nolan,gerda_nolan@lowell.biz,986.426.5622 x20546
99029,Drake Littel,drake.littel20@georgiana.name,(642) 336-4522 x75219
53695,Kadin Muller,kadin_muller@elian.org,1-980-609-6893 x89026
13295,Marc Kirlin,marc_kirlin@carrie.com,206.737.9017 x54516
79141,Pablo Gusikowski,pablo.gusikowski18@hayley.org,444-350-2729
61949,Elenor Harber,elenor54@nyah.name,1-523-265-3816
36906,Keshaun Fay,keshaun_fay64@rosa.name,604.617.8355
31523,Imogene Green,imogene.green@roxanne.info,793.647.3997 x1427
24542,Cielo Daniel,cielo.daniel93@mckenzie.com,(617) 340-6001
3436,Sam Bahringer,sam52@griffin.info,1-687-870-3430
77822,Abe Anderson,abe60@cathryn.info,1-539-935-8879
62565,Al Walker,al.walker43@dewitt.info,823-262-4270
21140,Van Hessel,van73@yasmeen.name,886.455.9442 x41836
22164,Edwin Gleason,edwin81@chase.com,575-622-4840
614,Pascale Kris,pascale_kris@berneice.com,1-445-532-7968 x1967
1213,Delphia Lehner,delphia82@meaghan.info,(615) 604-5687
51221,Marcia Pacocha,marcia_pacocha70@howard.net,1-256-322-3084 x3214
19093,Dolly Lueilwitz,dolly.lueilwitz@horacio.name,247-682-4941 x71017
83302,Misael Monahan,misael_monahan49@mekhi.org,(460) 900-7101 x8413
68050,Jamir Leffler,jamir.leffler23@rigoberto.net,1-387-644-2706 x19185
44215,Cade Osinski,cade.osinski46@gayle.net,(604) 488-3718 x628
84753,Rosalind Hermann,rosalind_hermann39@maximo.org,786.254.2381 x156
82080,Catalina Lueilwitz,catalina37@ephraim.com,(472) 249-0419
3800,Clinton Goodwin,clinton_goodwin85@malvina.net,595.900.0710
55839,Robert Jacobson,robert_jacobson22@sammie.biz,271-912-0818 x64744
66961,Nicklaus Koch,nicklaus_koch46@ima.biz,1-580-750-6805 x128
76653,Alexis Gutmann,alexis_gutmann@beaulah.com,(214) 580-9250
22194,Gordon Kling,gordon_kling45@lincoln.net,979-604-2208
40976,Hollis Bins,hollis.bins94@antonietta.net,467-453-5199
69460,Oswaldo Cummerata,oswaldo4@damien.name,1-988-523-8280
31827,Teagan White,teagan33@percy.info,1-867-700-3786 x16170
47270,Jessica Reichel,jessica66@maudie.info,220-240-9757
97268,Bianka Champlin,bianka_champlin@serena.biz,(841) 334-7497
65262,Lavada McCullough,lavada.mccullough84@larissa.com,230-825-2566 x7770
97382,Zackary Cassin,zackary.cassin13@markus.info,1-435-315-3576
24064,Domingo Weber,domingo42@fae.name,518.377.5212
65978,Kory Halvorson,kory7@hubert.biz,848.454.5160
64353,Trace Schoen,trace.schoen@malvina.net,922-586-9874
36597,Johnathan Dare,johnathan40@christop.net,(518) 550-8752
23271,Christ Wisoky,christ.wisoky@frederic.com,1-902-564-5755
14041,Pearlie Christiansen,pearlie_christiansen60@theo.biz,(687) 696-9147 x8069
81109,Malika Witting,malika.witting11@rebekah.com,1-754-955-1924 x98493
16013,Nickolas Kuvalis,nickolas19@agustina.net,(476) 639-0347 x075
33755,Alf Keeling,alf64@gay.com,1-297-344-0686 x77708
60002,Orrin Douglas,orrin_douglas16@frederick.info,1-771-341-6962 x42987
11847,Jalon Shields,jalon96@xander.net,(222) 651-8857 x7659
9833,Payton Greenholt,payton.greenholt@jayde.org,(564) 774-6544
92332,Hellen Lynch,hellen_lynch7@felicia.org,310-330-7772 x255
53738,Aron Veum,aron19@larue.biz,625.790.3657
90683,Mara Kling,mara_kling@rosemarie.org,664-382-5527 x6104
28226,Katheryn Lemke,katheryn91@elfrieda.net,964.785.9023
12534,Geo Dare,geo.dare@mariela.org,976-433-4389 x7563
70558,Larissa Sawayn,larissa_sawayn@cielo.info,(964) 400-7886 x015
34623,Alanna Watsica,alanna_watsica@rylan.com,529-303-0245 x00986
94206,Clyde Marvin,clyde_marvin85@paige.name,(832) 648-2366
4617,Cullen Luettgen,cullen_luettgen@elva.biz,205-982-2631 x6099
7213,Friedrich Simonis,friedrich44@daniela.name,613.495.9219 x393
23201,Lambert Gleason,lambert.gleason43@daphney.com,293-366-8520 x4096
99899,Jordane Beier,jordane38@kaia.com,(795) 744-7852 x366
20929,Lilyan Mueller,lilyan_mueller17@ben.org,(602) 382-3699
12077,Lorena Reichel,lorena_reichel@tyrese.info,900-288-4699 x660
1456,Remington Ortiz,remington.ortiz15@consuelo.biz,227-684-5387
13221,Lula Carter,lula.carter@jasmin.net,921.457.6278 x53547
34756,Jordon Hauck,jordon99@murphy.com,438.663.6047 x2900
75797,Justice Volkman,justice39@magali.com,952.680.6347 x853
68482,Tobin Kerluke,tobin.kerluke@dahlia.com,218.266.1355
52365,Ray Abshire,ray.abshire41@marcus.com,214-870-0740
37858,Schuyler Little,schuyler.little95@jeanette.info,1-350-278-8445
61841,Ocie Collier,ocie_collier@jovan.info,(371) 600-4774 x79791
88433,Raphael Schoen,raphael88@garfield.name,442-516-8778
66799,Beaulah Jaskolski,beaulah_jaskolski@peyton.org,(868) 793-1652
14250,Cordia Lehner,cordia59@koby.info,624-914-7016
61808,Bud Hettinger,bud.hettinger@libbie.net,(243) 261-7509
81302,Gladys Farrell,gladys_farrell30@kacie.net,(480) 891-7305
46821,Dulce Spinka,dulce.spinka@germaine.name,(284) 359-4563 x2943
26055,Axel Mraz,axel.mraz65@jewell.info,(757) 765-1223
5005,Deon Legros,deon47@kyleigh.biz,1-771-753-6835 x453
70413,Shemar Kilback,shemar.kilback@shaun.org,(417) 674-3482 x273
20406,Alta Nienow,alta.nienow@britney.name,(376) 718-8567 x4060
64956,Damion Ondricka,damion_ondricka@nikolas.org,1-566-452-4776 x057
86239,Elliot Rutherford,elliot.rutherford38@susan.info,615-431-7557 x633
64126,Joan Muller,joan_muller@lonzo.net,296-974-0148
58621,Mireya Barrows,mireya.barrows@karelle.biz,537-449-9913 x192
54138,Nelson Dooley,nelson58@lelah.biz,1-364-608-0574
55380,Janet Connelly,janet_connelly63@gust.net,1-856-670-0202
87463,Clint Rutherford,clint_rutherford@assunta.org,821.546.2150 x56287
8036,Daija Bogisich,daija94@allie.com,1-741-347-1463 x8701
33347,Nash Funk,nash_funk88@tianna.org,544.866.9036 x39435
36716,Enrico Roberts,enrico.roberts@douglas.net,683-292-6051 x326
51671,Gordon Beier,gordon61@ida.biz,(908) 309-6019
78087,Sonny Bergstrom,sonny_bergstrom@marcella.org,289.539.8311 x10942
60931,Austen Dibbert,austen.dibbert68@jackie.org,1-383-737-8237
61158,Eloisa Reynolds,eloisa88@gerhard.com,480.946.5028 x040
23926,Abdul MacGyver,abdul29@citlalli.info,515-778-1533
50005,Avery Steuber,avery_steuber84@corbin.biz,1-320-605-3969 x900
71324,Layne Block,layne.block@vern.org,233-550-0029 x1276
93137,Vidal Gaylord,vidal40@verdie.name,1-282-809-8248 x225
8632,Sandy Greenholt,sandy.greenholt78@tavares.name,1-558-766-5194 x65003
2534,Isabel Labadie,isabel_labadie85@enid.org,(637) 284-3233 x068
71436,Jennie Larkin,jennie_larkin42@torrey.name,437.838.9660
23041,Pasquale Steuber,pasquale.steuber@mario.info,1-794-620-7516
68190,Lawrence Donnelly,lawrence_donnelly@stacy.com,1-693-940-2258
39044,Brenna Russel,brenna.russel17@alana.info,613.401.1558 x515
40178,Bailey Farrell,bailey21@milo.info,872.271.0200
78647,Vesta Littel,vesta2@van.name,492-483-5019 x1986
71484,Weston Runte,weston22@belle.name,857-348-3337
38794,Tamia Stoltenberg,tamia.stoltenberg88@justine.info,(708) 889-6130 x63945
47352,Brice Pfeffer,brice73@zoie.org,(793) 244-8104
2723,Carmella Gleichner,carmella.gleichner@marcellus.name,1-978-237-9190 x2834
76536,Juliet Purdy,juliet.purdy@gayle.name,(424) 309-8731 x4223
81959,Lilliana Collier,lilliana_collier@savion.biz,858-527-4947 x810
7455,Orpha Streich,orpha_streich51@trycia.org,760.849.5527
80090,Alice Dooley,alice.dooley@fiona.com,1-255-694-3253 x5478
66949,Aiyana Collier,aiyana_collier@francisca.net,1-704-668-4113 x890
70473,Hailie Abbott,hailie.abbott@domingo.name,(322) 242-1376
60425,Jonathon Casper,jonathon33@schuyler.name,1-314-217-9185 x99135
5173,Moses Collier,moses.collier@chester.name,375.221.6460 x041
84835,Mya Larson,mya.larson@adeline.info,225.212.6403 x272
3735,Gabriella Berge,gabriella.berge@ronaldo.name,504-354-3273 x58796
36602,Bertrand Labadie,bertrand_labadie@lila.biz,(553) 795-3498
95163,Precious Rolfson,precious13@brook.name,(265) 388-7213
80198,Ephraim Bashirian,ephraim80@murray.biz,987-243-2885 x51850
97983,Antwon Schulist,antwon.schulist@lonnie.biz,1-555-948-3460
32822,Darryl O'Connell,darryl.oconnell23@garnet.biz,448.848.2833 x2319
42239,Nicola Emmerich,nicola99@lue.net,1-948-987-9752 x2958
60785,Johanna Zieme,johanna8@kobe.net,352-327-2834
59934,Lacy Tromp,lacy_tromp@oswaldo.org,1-981-862-7366 x3673
77282,Bernie Ritchie,bernie.ritchie21@bethany.org,1-687-680-3139 x149
70717,Mateo Steuber,mateo.steuber22@sylvan.biz,(886) 274-0902 x08869
88861,Eloisa West,eloisa97@emery.info,900.902.9103 x98525
54175,Karina Lehner,karina45@lucile.org,(669) 644-4560
46569,Salvatore Prosacco,salvatore_prosacco20@brendon.biz,955-407-6286
49679,Lindsey Flatley,lindsey.flatley4@lionel.net,433-490-1173 x9167
67203,Darian Bradtke,darian89@krystina.org,(576) 561-8564
3050,Veda Funk,veda6@dexter.biz,1-705-304-4700 x2295
13442,Odie Feil,odie93@keegan.org,(372) 232-1769
46458,Juston Kshlerin,juston_kshlerin@valentin.net,954-720-9369
76887,Estella Heidenreich,estella78@benjamin.com,816.207.6377
63240,Kira Grimes,kira.grimes@noemi.net,266-529-4353
83527,Jalen Tillman,jalen_tillman@paul.name,811-391-7574 x306
71570,Emelia Erdman,emelia52@tiffany.info,410.801.9057 x9311
52698,Jerrell Abshire,jerrell39@caleigh.biz,(518) 553-6362 x2464
69219,Lisa Cremin,lisa.cremin@alaina.name,1-888-332-9834 x14777
77862,Lilla Conroy,lilla.conroy71@matt.biz,(428) 959-6847 x8151
53973,Orie Windler,orie_windler@maegan.com,(814) 958-3185 x4309
89079,Matilda Botsford,matilda.botsford@angel.name,(438) 725-4123 x92929
10133,William Goyette,william.goyette51@amya.net,1-368-938-5241
9611,Jaquan Feil,jaquan.feil@madisen.biz,(952) 715-4851
61183,Humberto Legros,humberto_legros@destinee.name,(743) 762-7114 x531
49519,Elizabeth Hills,elizabeth.hills76@hertha.biz,1-445-823-9812
43656,Kenneth Kiehn,kenneth78@camila.name,827.206.1368
7340,Name Torp,name25@alek.net,(652) 881-5023 x747
64124,Darien Blanda,darien.blanda0@katlyn.info,1-433-437-7131 x978
41439,Krista Cole,krista_cole53@bertha.org,539-807-6532 x28794
26047,Korbin Satterfield,korbin86@wallace.info,543.894.6049 x92351
71425,Laurie Fritsch,laurie_fritsch9@angelina.net,(586) 344-8876 x05892
96670,Trevion Hand,trevion.hand45@judd.info,(696) 914-8581 x1510
11460,Rhianna Terry,rhianna_terry@tyra.name,269-857-1807
76963,Ruthe Wuckert,ruthe.wuckert@jamel.info,1-654-769-4139 x8658
63137,Emerson Romaguera,emerson56@eden.name,573-723-2694
50623,Blaze Witting,blaze.witting26@price.biz,385.862.3532 x95429
96852,Margie Kulas,margie1@brandon.info,1-718-483-2650
56724,Lydia Rau,lydia.rau@jameson.info,(233) 748-9059 x7843
86476,Agnes Ward,agnes_ward@will.biz,437-922-5625 x99139
7882,Sydnie Thiel,sydnie_thiel94@josiah.com,576-781-5767 x4378
30351,Darren O'Conner,darren_oconner53@kelvin.info,1-522-214-8202
76819,Abbey Padberg,abbey.padberg@aurelie.net,280.383.7790 x5466
77325,Claude Glover,claude_glover26@daniella.com,722-730-7989
65776,Conrad Gusikowski,conrad.gusikowski@drake.info,(203) 251-6919
33343,Abigail Harber,abigail10@carrie.org,730-968-2090
35996,Jerod Wintheiser,jerod54@lura.name,696-471-4124 x2421
41289,Orie Hahn,orie26@otto.info,1-313-469-9972 x0076
71310,Adrien Kovacek,adrien67@tiana.org,1-641-447-0860
4845,Ari Stroman,ari.stroman@keyon.org,583-327-2123 x8995
47402,Domenic Breitenberg,domenic_breitenberg45@jessica.com,1-243-929-3969
82961,Enrique Keeling,enrique_keeling81@stephania.info,(347) 434-6966 x68505
39370,Sonya Ortiz,sonya.ortiz7@albertha.info,878-330-4069 x253
13669,Alene Trantow,alene.trantow@maryse.net,781.352.7490 x73458
49301,Chyna Marvin,chyna.marvin94@tara.org,(999) 795-2598 x4832
11591,Rubye Weissnat,rubye.weissnat19@antonio.com,483.275.2533
97998,Pat Runolfsdottir,pat51@maurine.org,1-201-605-7741 x249
76636,Mikayla Hegmann,mikayla84@norberto.biz,1-998-808-0011
16303,Skyla Weber,skyla.weber@sandrine.net,891-229-5780 x998
59752,Scarlett Reichert,scarlett_reichert42@maxine.info,1-354-207-9112 x512
96040,Felicity Crist,felicity_crist94@cassidy.org,405.404.1140 x6144
99120,Ludie Auer,ludie90@cassidy.org,454.317.3350 x4895
98973,Queen Hermann,queen47@elliott.net,486.678.1477 x90660
73346,Andrew Ruecker,andrew_ruecker@minnie.info,(853) 219-7384 x6020
56802,Sydni Nitzsche,sydni.nitzsche@rosetta.org,330-390-8879 x2496
43134,Cade Mertz,cade.mertz@kristina.name,784-250-1099 x32515
26262,Garrison Schroeder,garrison81@josh.biz,1-740-924-5222
56885,Donny Torp,donny71@keshawn.name,707-830-3795 x6129
16204,Ferne Kuhn,ferne_kuhn@emiliano.name,(824) 812-2046 x7517
34200,Dayana Monahan,dayana13@marcos.org,691.868.4870 x7179
75451,Barney Price,barney.price@nannie.info,1-555-479-8976
67286,Tevin Bernier,tevin98@heber.biz,(562) 386-0275
72051,Blanche Roberts,blanche27@marcus.org,686-285-7891 x50746
96776,Arthur Brown,arthur_brown@christina.org,810.696.9827
2802,Emmitt McClure,emmitt65@raheem.biz,294-837-4796 x717
64976,Maia Crist,maia.crist@evans.com,251.265.1162 x8045
2727,Connor Kuphal,connor58@andreane.net,345.914.9539 x61401
46445,Augustine Hirthe,augustine72@charlotte.com,1-700-867-8201 x9886
6915,Katlynn Ullrich,katlynn.ullrich94@akeem.org,212-671-1091
88736,Rhiannon Robel,rhiannon99@boyd.com,1-505-516-2996
43353,Delores Kessler,delores_kessler12@andreane.org,336-362-5105 x6690
70480,Chesley McGlynn,chesley12@margarette.info,514.815.5928
28385,Flavio Schaden,flavio43@hazel.org,392-280-1119 x43249
12683,Rocky Barton,rocky.barton50@ottis.info,776.743.9015
23507,Maybelle Brown,maybelle.brown@leonor.com,1-888-758-2978
90819,Jensen Kilback,jensen78@lauretta.org,1-643-613-9501 x838
36440,Dulce Collier,dulce73@arnulfo.com,781-975-0035 x863
42098,Augustine O'Conner,augustine71@osborne.net,609-487-5021 x8129
37524,Katlyn Emmerich,katlyn_emmerich53@carley.biz,1-344-607-8863 x39060
43334,Lincoln Ledner,lincoln_ledner@immanuel.net,561.289.7324
5180,Sid Fahey,sid_fahey72@jackie.com,223.634.9622 x18838
73582,Creola Jenkins,creola13@rupert.info,(525) 689-0220 x7389
72586,Adela Mohr,adela2@lilyan.net,(313) 553-4372 x7901
41963,Paige Reynolds,paige.reynolds74@carole.info,231-956-5052 x3857
6842,Murray Lesch,murray.lesch@haleigh.com,1-673-683-0446 x85481
20034,Jamey Price,jamey.price@ernestina.com,1-702-272-7667 x27202
14268,Lamont Schimmel,lamont88@tiana.org,1-777-530-8742 x67062
70808,Tara Deckow,tara.deckow@albin.info,913-649-3190 x95900
31419,Gaylord VonRueden,gaylord_vonrueden55@annalise.info,449-465-7512
52830,Charlotte Price,charlotte.price@geo.biz,405.790.6798
61853,Reba Wolff,reba_wolff0@trevor.name,262.766.5273 x6787
57887,Eudora Windler,eudora34@nat.name,324.329.8151 x9152
41211,Cloyd Kovacek,cloyd23@ibrahim.com,1-806-687-9328 x40290
29108,Mollie Cummerata,mollie.cummerata@lewis.info,1-417-980-8598 x71881
49970,Abigale Breitenberg,abigale.breitenberg95@ima.com,840-239-7958 x260
47893,Domenico Kuvalis,domenico87@quinn.biz,380-788-3579 x4554
27616,Lenore Olson,lenore20@jalen.org,586-379-7518 x147
1977,Guiseppe Hirthe,guiseppe_hirthe@neal.biz,(333) 338-6988
95325,Citlalli Wyman,citlalli89@porter.com,885-295-4141 x4358
33461,Arely Mueller,arely54@gavin.net,301.946.0013 x4244
28119,Taylor Rempel,taylor_rempel2@gunner.info,(664) 819-4212
81804,Judson Ward,judson.ward@waino.org,(224) 204-2307
94667,Reynold Davis,reynold.davis31@barney.com,676-473-9991
41109,Wilford Deckow,wilford_deckow@vincenza.biz,(386) 748-6475 x915
21549,Rhoda Bergstrom,rhoda93@alfredo.biz,(547) 835-4210 x70457
36611,Edward Kemmer,edward.kemmer70@carey.biz,1-590-961-5152 x2389
53281,Forrest Ruecker,forrest69@jaylin.name,(520) 816-7481 x530
76971,Darrick Wehner,darrick_wehner@cyril.com,723-745-1671
38693,Myrna Doyle,myrna.doyle12@maxie.com,730.689.8561 x0750
69566,Mac Bode,mac_bode61@paula.org,(229) 301-4060 x97384
61216,Carey Mills,carey_mills@daisha.name,1-285-942-8778
22854,Audra Flatley,audra_flatley10@pearl.net,1-734-697-2048
73997,Horace Beatty,horace.beatty75@jeffrey.net,569.927.4648
67342,Precious Fisher,precious31@jennyfer.com,(430) 553-0457 x96627
68162,Jameson Williamson,jameson51@kelvin.org,(943) 334-3693 x389
35705,Hilton Grant,hilton_grant89@kiera.org,1-221-258-0121
67520,Chad Green,chad42@uriel.biz,584.562.1782 x6556
89098,Haven Labadie,haven_labadie@consuelo.name,869-527-6974 x19001
28362,Jadyn Heidenreich,jadyn.heidenreich18@karelle.info,1-388-606-5311 x160
77653,Iliana Ankunding,iliana_ankunding@mabelle.org,(304) 775-7759
63472,Jaren Klocko,jaren_klocko38@ward.org,(783) 923-1610 x68961
84889,Ruthe Grady,ruthe.grady@makayla.org,797.399.4695 x132
50088,Erling Heathcote,erling4@kenyatta.info,480-755-6091 x013
60213,Wilmer Bins,wilmer63@katelin.biz,1-350-318-2493 x699
33382,Carolyne Jenkins,carolyne.jenkins91@aurelia.com,(442) 582-0066
53332,Libbie Swaniawski,libbie28@colleen.com,1-753-573-8817 x931
86080,Glenda Cole,glenda.cole32@lewis.name,(297) 537-1189
43846,Nicola Roob,nicola58@jovany.biz,598.726.6456
57971,Kiarra Torphy,kiarra.torphy56@elvis.org,(635) 729-7436
13865,Melissa Kulas,melissa.kulas82@gerhard.biz,(362) 793-2276 x7665
27595,Jennyfer Stiedemann,jennyfer.stiedemann@clementine.info,(353) 587-6271
22530,Stefan Kiehn,stefan.kiehn@loren.name,505.701.5930 x0454
53593,Austyn Keeling,austyn95@maynard.net,(833) 423-6470 x8628
20653,Taurean Rosenbaum,taurean_rosenbaum@dashawn.name,1-304-863-5333 x783
85934,Jaquan Bechtelar,jaquan.bechtelar@destini.biz,897.855.6383 x731
55819,Eladio Bogan,eladio_bogan62@christa.name,507-859-2067 x34036
35269,Larry Johns,larry_johns65@jules.org,(656) 886-9825 x47582
13886,Novella Swaniawski,novella_swaniawski68@aurelie.biz,776.663.5127
32305,Al Kuhic,al.kuhic@creola.net,463.432.5105
25894,Aglae Rohan,aglae49@eda.com,1-770-989-0730
23953,Camylle Kautzer,camylle.kautzer4@amaya.info,1-985-753-9839 x1125
5007,Rosalee Larson,rosalee_larson@eleanore.com,1-792-574-1761 x5709
58858,Faye Wolff,faye.wolff@gerhard.name,1-882-588-2631 x836
36313,Electa Larson,electa_larson@connie.biz,759-379-0008 x366
75720,Clemens Sporer,clemens.sporer12@jaylen.net,520.829.0968
75580,Janick Metz,janick.metz@shanon.com,(718) 589-9960 x02643
49525,Katheryn Schmidt,katheryn76@nola.net,(273) 762-6818
36645,Felton Lubowitz,felton29@candice.net,287-325-6534 x468
54923,Margarete Ferry,margarete_ferry@stefanie.net,730.995.0331
37265,Dane Homenick,dane_homenick30@alvera.info,552-298-6986 x342
20624,Murray Carter,murray.carter@alberto.biz,1-821-632-5382 x7527
1426,Tod Tremblay,tod_tremblay@zoe.net,395.585.2191
44175,Jalen Gulgowski,jalen14@lyric.info,1-633-460-7068 x655
37550,Anya Will,anya.will75@clyde.info,332-299-2103
85459,Isaias Rice,isaias.rice@sherman.name,1-840-884-0924
98468,Jake Predovic,jake77@elaina.info,1-781-455-5949 x050
31247,Lucious Schaefer,lucious_schaefer@ryley.org,605-341-3897
78248,Thea Gusikowski,thea.gusikowski@brionna.com,692.706.8080
86789,Riley Prosacco,riley19@spencer.com,210.888.0612
58061,Dana Kihn,dana12@ole.biz,1-615-940-0757 x36848
52073,Ayla Lind,ayla_lind0@trevor.info,1-280-456-9396
40369,Catharine Denesik,catharine.denesik92@josue.net,471.665.1620
21496,Jedediah Swaniawski,jedediah.swaniawski38@rita.net,352.967.8296 x939
50876,Columbus Roob,columbus54@garth.info,1-746-796-0917 x5912
13954,Kaitlin Nolan,kaitlin_nolan95@brigitte.name,(291) 820-7829
39113,Perry Barton,perry34@casimer.info,1-579-936-8997 x87458
47995,Joelle Bergstrom,joelle54@brice.net,1-372-354-5730 x780
48851,German Blanda,german.blanda@emory.biz,(336) 450-3974 x89815
51942,Weston Gerlach,weston26@cecelia.info,423.859.1252 x008
10314,Nona Kirlin,nona_kirlin@winifred.net,697.203.5326
94268,Abbigail Hansen,abbigail.hansen@bria.net,(380) 550-4537
7858,Remington Kautzer,remington80@keagan.info,606-413-3813 x814
92080,Alexa Mosciski,alexa.mosciski44@kiana.name,670-216-9217 x45612
95289,Emerson Gislason,emerson9@river.biz,1-892-987-6693 x0446
39446,Hector Daniel,hector.daniel@ralph.org,(923) 888-1956 x832
39126,Dudley Jakubowski,dudley70@skye.org,407.598.6711
30973,Melissa Koss,melissa29@may.biz,(274) 400-1444
93777,Carmen Schoen,carmen_schoen60@vivien.org,1-887-428-8395 x1118
71279,Travon Stoltenberg,travon_stoltenberg78@sanford.biz,593.639.2008 x1290
26274,Travon Green,travon82@maddison.name,871-606-9503
29846,Owen Larson,owen_larson@alba.biz,519-742-6488
52723,Myrtice Swaniawski,myrtice42@newton.biz,851-473-3137
40269,Jordane Turner,jordane86@sienna.info,665.562.8262 x1297
17067,Reynold Ernser,reynold_ernser@rowland.biz,1-797-635-4290 x260
69630,Lauryn Borer,lauryn30@cassie.name,778.989.2703 x740
4997,Joanny Green,joanny90@elliot.biz,(245) 258-8470
35492,Violet Boyle,violet_boyle@christina.name,904-226-1043
26675,Monserrate Reichel,monserrate_reichel@magnolia.com,(315) 563-1021
12199,Guadalupe Kuphal,guadalupe89@garth.com,(802) 504-1151 x015
83674,Manuela Green,manuela_green@jerel.name,(718) 484-8358 x4667
58454,Caleb Beer,caleb_beer@austen.net,693-399-1323
19126,Fabiola Gerlach,fabiola_gerlach32@deanna.com,788.849.3254
32786,Manuel Kuhlman,manuel_kuhlman@johanna.com,(272) 504-2180 x14118
43971,Jenifer Bosco,jenifer_bosco@jamar.biz,312.440.8692
4297,Rodrigo Will,rodrigo.will@ernesto.info,(227) 233-7368 x8219
84458,Hilda Kutch,hilda.kutch52@jabari.biz,(586) 308-1951
47256,Fannie Hamill,fannie_hamill@maxine.com,(271) 284-9846
21338,Ayla Beahan,ayla90@howell.org,810-787-7725 x5412
63701,Krista Kessler,krista_kessler@karli.biz,(630) 241-8812
55510,Frederick Mayert,frederick1@vance.org,(548) 667-0745 x221
6389,Paula Watsica,paula_watsica@alphonso.org,943-749-6375 x84604
52911,Tressie Langworth,tressie69@paolo.org,724.395.2714 x862
20479,Hassie Gorczany,hassie_gorczany94@chadd.org,(920) 259-8905
49879,Ole Armstrong,ole_armstrong7@norberto.com,1-312-603-7802
85226,Gerson Kerluke,gerson.kerluke87@wendell.org,831-742-4090
3941,Bernadette Towne,bernadette_towne54@leanne.com,(339) 485-2592 x487
63747,Winfield Grant,winfield_grant@cierra.info,(640) 201-0360 x01841
52404,Pete Bahringer,pete_bahringer34@lia.name,1-377-480-6127 x185
66895,Name Stracke,name_stracke60@halle.com,(301) 408-4236 x18709
31188,Jamar Donnelly,jamar_donnelly31@phoebe.info,601.254.6762 x09828
97050,Daryl Rempel,daryl27@yasmeen.com,1-241-970-2435 x900
63520,Reagan Gaylord,reagan_gaylord@nikolas.biz,1-633-605-0491
71810,Drake Cole,drake.cole67@michale.org,1-444-848-4078 x2006
63127,Ofelia Cole,ofelia_cole48@joe.com,719.729.4639 x9094
83529,Domenic Hickle,domenic4@trisha.biz,1-385-317-6591 x5984
2,Cleveland Stoltenberg,cleveland.stoltenberg15@kelton.info,(256) 225-1759 x5259
38911,Colt Kerluke,colt63@jackeline.info,(447) 735-2791 x962
61201,Zella Windler,zella.windler43@russel.name,1-606-786-9294 x926
10638,Roger Marquardt,roger.marquardt@tod.biz,1-654-242-0777 x071
44557,Sunny Hane,sunny_hane80@jaylin.org,414.641.7392 x385
29153,Savannah Cronin,savannah_cronin@bernita.info,(408) 456-4401 x82023
20675,Mohamed Hickle,mohamed.hickle@royce.net,(548) 981-4182 x04251
28413,Mike Schmidt,mike.schmidt@jannie.biz,490.408.4830
11497,Lina Treutel,lina_treutel83@liliana.info,768-884-4969 x476
54756,Ezekiel O'Conner,ezekiel_oconner34@edmond.com,1-412-241-5695
67923,Helga Ebert,helga_ebert@andrew.net,447-379-7785 x559
44553,Odie Wuckert,odie_wuckert20@tabitha.name,555-523-2820 x9070
69618,Faye Wunsch,faye_wunsch@nigel.name,458-915-6394
38103,Jaiden Mayer,jaiden_mayer42@adrienne.name,989-216-2960 x210
20947,Ashtyn Schmidt,ashtyn.schmidt18@naomie.name,1-700-415-8763
42032,Alena DuBuque,alena.dubuque@jody.name,(259) 300-0450 x4609
14753,Nicola Aufderhar,nicola26@bernadette.info,1-716-860-0789
37222,Lessie Stark,lessie_stark@al.net,332.517.5543 x963
44140,Daisha Hirthe,daisha.hirthe@leonie.info,833.974.4574 x93182
28967,Ethan Harvey,ethan.harvey@kathryne.org,(501) 487-2842 x600
83143,Emmett Douglas,emmett.douglas@zane.biz,718-950-3027 x920
42110,Davin Rippin,davin53@naomie.name,1-961-523-5366
81407,Onie Hackett,onie64@raquel.info,511-936-3073
85388,Kariane Johnson,kariane_johnson85@ray.info,1-719-781-8816 x6876
28130,Arvel Wisoky,arvel_wisoky8@jerel.info,483-579-5894
42457,Will Reichel,will8@arlo.net,841-537-2085
92481,Caroline Pouros,caroline85@cheyanne.com,523-211-6004 x977
47118,Brenna Murphy,brenna41@hildegard.info,(696) 393-7197 x2375
13642,Clovis Smith,clovis_smith@dane.net,(303) 888-6283
38612,Brady Haley,brady73@alberto.biz,324.772.0342 x7935
41333,Kellie Witting,kellie.witting@erich.info,580-333-2710
49941,Garrison Collins,garrison_collins17@elaina.net,1-209-349-6274
34673,Nadia Kertzmann,nadia49@mustafa.name,813-243-5530 x831
73278,Waylon Mitchell,waylon_mitchell@jefferey.net,214-746-1500 x8200
85391,Robin Grimes,robin.grimes93@jazlyn.biz,931-620-1602
90264,Jaquan Lueilwitz,jaquan_lueilwitz@nikki.com,1-826-531-0414 x90159
31202,Annetta Romaguera,annetta_romaguera92@vanessa.biz,372-752-9369
6138,Carmel Pfeffer,carmel.pfeffer88@norbert.name,774.441.1709 x40374
48138,Dulce Nader,dulce.nader37@karolann.net,(910) 705-4646 x127
47228,Leopoldo Rice,leopoldo40@myra.org,(983) 215-9369 x5627
18604,Emilie Johns,emilie_johns@isaias.info,935-738-9577 x637
86478,Colby Gerlach,colby_gerlach45@cristal.com,(958) 985-6614 x698
49979,Davin Steuber,davin.steuber36@roel.name,262-693-8832
21952,Oda Parisian,oda87@lonie.org,894.224.5868
20762,Olaf Nolan,olaf_nolan@stella.com,736-451-1763
70292,Willa Hessel,willa60@odessa.com,(368) 840-7506
84005,Marty Kertzmann,marty7@kyra.com,(777) 901-6835 x939
59110,Glenna Cummerata,glenna.cummerata@clotilde.biz,(581) 435-5776
35357,Zander Bauch,zander_bauch51@tomasa.com,325-599-6965 x83845
57171,Jessika Rempel,jessika_rempel@candida.biz,794.326.2033
42075,Arch Jerde,arch_jerde43@anahi.com,205-822-7556
63470,Rosendo Harvey,rosendo_harvey@chet.biz,677-348-0104
79182,Adelbert Langosh,adelbert.langosh54@grayson.biz,389.887.2667
71501,Bria Hartmann,bria41@roxane.name,479.351.7411
32534,Agustin Renner,agustin_renner7@carmen.net,933-278-8721 x086
59280,Freida Morissette,freida48@margarett.biz,878-691-6034 x14642
86591,Remington Boyer,remington_boyer@imogene.com,(397) 825-0512 x7779
5989,Izabella Aufderhar,izabella5@daren.com,(849) 437-9935
30476,Amir Rolfson,amir64@lola.net,573.776.2893 x088
65570,Lionel Walsh,lionel86@rebekah.biz,444.505.7572 x3373
71388,Cielo Osinski,cielo8@kane.org,472.766.8533
62471,Christian Bashirian,christian_bashirian62@uriel.com,1-691-978-8987
95651,Aiden Reilly,aiden.reilly15@luisa.net,245-625-2872 x55126
56447,Natalia Quitzon,natalia65@violette.biz,960-615-2412
37795,Jesus Kuhn,jesus45@chelsea.net,1-394-313-6881
25762,Rusty Lehner,rusty_lehner26@selena.org,965-219-7020 x68106
18454,Olen Bergnaum,olen_bergnaum@rae.net,362.997.1689
27794,Halle Considine,halle32@mohammad.info,907-532-8991
8912,Mervin Hirthe,mervin_hirthe80@dorris.info,759.468.8470
10597,Lauryn Windler,lauryn_windler@cody.info,277.694.6471 x1909
26497,Casimir Emmerich,casimir48@lucious.biz,225.233.7759 x97901
81840,Ezequiel Lubowitz,ezequiel75@ronny.name,965.459.7497
44340,Jedidiah Powlowski,jedidiah_powlowski@werner.biz,499.216.6914 x1292
46148,Zack Hegmann,zack45@iva.net,597.494.7757 x6634
8707,Cullen Pacocha,cullen.pacocha13@kamren.org,553-635-7960 x60161
39825,Vince Berge,vince.berge@hellen.net,(412) 633-6077
19945,Haleigh Hickle,haleigh.hickle@valentina.com,579.331.5222
636,Deven Purdy,deven_purdy46@delmer.net,927.273.9336
58066,Sylvan Rippin,sylvan_rippin@lexus.name,840.413.1241
95824,Gerardo Schmitt,gerardo_schmitt7@ben.com,1-446-878-6250
38790,Rosie Murphy,rosie.murphy@ephraim.name,875.949.3407
62400,Vada Padberg,vada51@grayce.biz,(779) 239-9839 x1322
37841,Jeffry Konopelski,jeffry.konopelski11@estel.org,474-575-8996 x5240
96364,Aglae Hessel,aglae_hessel@minnie.org,369.559.7451 x04460
81828,Darren Swaniawski,darren_swaniawski10@rozella.net,544-296-8482
11440,Kristopher Gibson,kristopher.gibson@wilford.name,541-897-7567 x78476
94422,Dax Jaskolski,dax.jaskolski9@aubree.org,(360) 372-3066
73816,Bertram Kemmer,bertram8@jazlyn.name,(432) 436-8009 x3946
20647,Gerson Langosh,gerson70@trycia.biz,214-619-1051 x1291
857,Franco Erdman,franco.erdman@darrick.net,517.531.8173 x2600
59027,Joseph Lueilwitz,joseph63@nichole.com,588.418.5860
14147,Julien Rempel,julien57@soledad.org,1-392-252-4418 x014
45461,Cameron McCullough,cameron.mccullough74@britney.name,795-942-2328 x364
75928,Kadin MacGyver,kadin35@jazlyn.com,(240) 687-7957 x3117
74545,Alessandro Murray,alessandro26@marie.com,282-592-0135
97048,Oleta Hoeger,oleta20@esmeralda.name,1-495-223-1110
92376,Evalyn Kunze,evalyn.kunze@carlotta.org,(628) 776-4807
86217,Domingo Lang,domingo10@irving.com,754.931.3405
97559,Lucienne Gaylord,lucienne_gaylord@mateo.org,473-960-5527 x5282
51245,Alanis Brown,alanis_brown50@dewitt.name,993.940.6918 x756
28077,Davin Towne,davin_towne@lincoln.org,238-629-4529 x148
15220,Brent Abbott,brent.abbott@geoffrey.org,646-467-3463
38941,Margret Zboncak,margret.zboncak@chris.name,(506) 448-1255
35051,Cristian Rau,cristian41@elvis.info,(890) 394-3135 x186
51375,Enos Klocko,enos68@vicky.info,792-901-3735
53582,Elinor Funk,elinor.funk9@gerard.org,1-314-985-5149
80365,Chesley MacGyver,chesley.macgyver3@cecelia.biz,(579) 886-3757 x0255
60842,Chandler Trantow,chandler.trantow@andreane.com,1-255-779-7481
13542,Guido Ward,guido98@winifred.biz,(483) 742-7693
81976,Cesar Stiedemann,cesar.stiedemann93@camylle.biz,1-646-829-0958
14157,Cristal Dare,cristal83@sydnie.com,518.643.5713 x13984
88970,Burdette Osinski,burdette_osinski@dorris.org,476-718-3692 x6472
21813,Bernadette Weimann,bernadette.weimann45@magnus.com,(762) 997-7444
93842,Tremayne Buckridge,tremayne_buckridge@miller.com,1-722-970-6647 x2688
5245,Eliane Orn,eliane_orn@anabel.info,561-442-1470 x078
87257,Andy Krajcik,andy_krajcik@kelli.biz,(487) 325-0664 x81663
3309,Deon Prohaska,deon.prohaska58@zella.info,(753) 252-8240 x432
65483,Leda Streich,leda_streich@maudie.com,1-806-691-1413 x293
82916,Allison Hilll,allison62@kelton.info,(218) 694-2658
72248,Luisa Stoltenberg,luisa_stoltenberg@alivia.biz,(228) 655-0830 x1217
2627,Estrella Padberg,estrella.padberg47@gerry.biz,927-405-0869
84292,Kellen Hills,kellen.hills46@kory.org,553-867-0948 x756
38374,Diamond Murphy,diamond.murphy@juliana.org,961-636-8157
24581,Annabell Lemke,annabell18@marquis.biz,(903) 887-6549 x2929
47564,Odie Kunze,odie.kunze78@emily.name,502-603-2180 x23162
9925,Henry Huels,henry.huels@opal.info,(456) 472-7881 x51781
95752,Joaquin Nader,joaquin20@cedrick.name,427.586.8542
44540,Zoila Herzog,zoila11@claud.info,324.828.5941
5387,Ursula Heaney,ursula_heaney50@jackeline.com,988-625-3140 x15900
94990,Lucius Mills,lucius81@bill.biz,1-762-771-2706 x352
7966,Loy Dach,loy.dach@alejandra.com,(231) 570-5080 x4776
95553,Rhiannon Beier,rhiannon_beier66@ryleigh.net,1-773-956-8054
95737,Hermann Langworth,hermann_langworth@rodolfo.info,1-901-760-1947
23109,Johann Flatley,johann.flatley27@magnus.net,671.407.7106
51146,Lina Kassulke,lina_kassulke@lexi.org,1-692-761-4517
41437,Van Ferry,van.ferry@joanie.net,505.545.0958
58610,Verna Dibbert,verna48@simeon.net,393.525.7085 x5611
18552,Arlo Stoltenberg,arlo.stoltenberg89@woodrow.name,589-498-6996
90812,Hershel O'Hara,hershel54@dominic.com,712-310-8317
75794,Estell Breitenberg,estell.breitenberg16@melody.org,585.661.4724
97981,Maverick Smitham,maverick.smitham@samara.net,1-355-931-1166
18383,Margarett Konopelski,margarett_konopelski@damaris.info,(299) 457-2426 x2737
907,Zetta Kunde,zetta88@anissa.org,(343) 749-3095
89377,Eulah Doyle,eulah33@pattie.biz,1-656-919-7175 x6025
28098,Jacinthe Kautzer,jacinthe8@reed.com,991-248-5169 x244
70069,Yasmine Schinner,yasmine54@cullen.biz,883-746-7278 x1655
64547,Elfrieda Jacobs,elfrieda_jacobs57@dorothy.info,500.478.4451 x373
19967,Keanu McLaughlin,keanu99@wava.biz,460-869-7851 x4098
85269,Felipa Bode,felipa51@gerda.com,1-823-287-4668 x02863
37589,Sterling Morar,sterling_morar@alfred.org,369.416.1414
59936,Tyler Purdy,tyler_purdy88@garrett.name,488-674-0314
33187,Ben Kertzmann,ben_kertzmann99@prudence.com,(202) 488-3070 x75632
64846,Zackery Zemlak,zackery91@nasir.info,870.875.9330
81428,Everett Gusikowski,everett77@keira.net,1-433-418-7896 x464
68332,Shad Pacocha,shad.pacocha@aliza.org,1-629-738-3193 x69023
30664,Dusty Zboncak,dusty.zboncak21@maribel.info,(884) 459-3009 x18726
67411,Kirsten Kozey,kirsten_kozey31@faye.biz,1-649-616-0314
81944,Carter Cruickshank,carter.cruickshank50@trever.info,445-840-9503 x8058
12096,Norbert Schmidt,norbert.schmidt@dylan.net,1-535-390-1494
43672,Ronny Berge,ronny39@wilhelm.biz,814.630.3953
88784,Ellsworth Maggio,ellsworth_maggio@ewald.net,941.836.4970
16287,Maddison Miller,maddison_miller@arianna.info,(227) 763-8655
83936,Ressie Gleichner,ressie_gleichner@jackeline.name,776-739-4000 x3772
96788,Karson Kulas,karson35@clair.com,794.942.5639 x14074
23499,Karen Johnston,karen_johnston@anibal.biz,783-624-4369 x864
93999,Sammy Corkery,sammy96@kole.name,678-520-0431
50287,Henderson Fritsch,henderson.fritsch1@chaz.org,1-620-844-0776 x28139
323,Eliseo Ankunding,eliseo6@allie.com,(610) 850-4248 x368
83356,Idell Koepp,idell.koepp2@edwin.biz,786-252-1903
82472,Tomasa Greenfelder,tomasa.greenfelder@trinity.info,1-780-737-5607
47016,Lenny Wilkinson,lenny80@lynn.com,409-537-2763 x4635
50771,Ima Schiller,ima54@sasha.net,255-394-8611
39011,Jerod Yost,jerod.yost64@cindy.net,488.815.2678 x25962
15814,Ethan Maggio,ethan_maggio@rory.com,265-579-4114 x266
38492,Valentin Bosco,valentin.bosco33@yolanda.net,(620) 423-7019
63989,Chesley Bernier,chesley.bernier77@harry.net,1-518-620-8992
79994,Americo Stanton,americo10@laney.info,(819) 860-5038
74454,Tyrel Turner,tyrel_turner88@reyna.org,1-315-764-3762 x5433
81968,Vince Nitzsche,vince.nitzsche42@wendy.biz,878-506-6539 x18865
55500,Lenny Okuneva,lenny_okuneva65@cristobal.name,430.503.9132 x3283
80103,Braulio DuBuque,braulio.dubuque@eloy.org,509-307-7650
26911,Liza Howell,liza89@unique.net,563.922.6960
20638,Declan Larkin,declan20@arjun.com,510-447-8965 x7790
79088,Cade Gislason,cade.gislason29@clare.info,990.627.6327
986,Werner Schneider,werner.schneider99@cora.info,1-496-497-0897
75607,Marcos Feest,marcos.feest35@hilario.net,642.456.1717
74133,Darren Williamson,darren99@sofia.com,1-202-896-7757 x4177
21951,Moshe Lang,moshe92@edmond.net,644-535-6519 x3237
68692,Jaime Abernathy,jaime12@julianne.net,861-877-7564 x6568
70258,Jade Bahringer,jade_bahringer5@joelle.biz,275-887-3590 x384
70145,Arvilla Kassulke,arvilla6@michaela.org,939.364.4465
49443,Jefferey Swaniawski,jefferey.swaniawski@michelle.org,1-621-935-6556 x3027
65493,Alexane Considine,alexane83@donavon.info,1-581-848-2555 x9773
12414,Madelyn Orn,madelyn15@chelsey.org,1-883-410-9602
8994,Muhammad Turner,muhammad14@llewellyn.name,1-936-568-0971 x659
84453,Lavina Herzog,lavina_herzog@demarcus.net,(588) 767-2285 x256
66245,Grant Lesch,grant_lesch@alanis.biz,694-934-1650
37669,Melvina Larson,melvina.larson@margret.info,438-570-3577
86538,Lura Hayes,lura_hayes55@mac.com,884.290.3739 x36029
78710,Fidel Bogisich,fidel.bogisich@clotilde.com,737.660.7428
18857,Oliver Skiles,oliver.skiles29@sterling.com,1-797-419-1620
18914,Sincere Wilkinson,sincere.wilkinson43@christophe.net,469.217.4621
13835,Claude Kub,claude75@glennie.biz,223-261-1342
45387,Alberto Weissnat,alberto52@justen.name,1-922-633-7635
30254,Torrey Zieme,torrey.zieme60@joan.biz,1-992-586-1504 x846
96221,Jack Reinger,jack.reinger@elmira.biz,389.500.8428 x399
99522,Mae Blanda,mae.blanda23@vella.net,395.801.9766 x0551
9740,Nora Ward,nora84@hilda.net,896.239.7087 x37382
29870,Giles Crist,giles.crist65@jaquan.info,1-268-967-9065 x1001
25865,Efren Ruecker,efren.ruecker67@maverick.biz,(224) 334-1361
54195,Selmer Dietrich,selmer_dietrich4@flo.name,938.492.1047 x50813
68387,Vincent Daniel,vincent_daniel36@garry.info,(862) 662-1263
69879,Ilene Green,ilene59@marquis.biz,(688) 950-1220
74120,Jess Metz,jess.metz@dejuan.name,739-409-4565 x86765
97307,Katelynn Braun,katelynn68@sydnee.org,(239) 415-9024
73651,Werner Weissnat,werner_weissnat94@brannon.biz,399.688.4868 x1649
56767,Camryn Hoeger,camryn_hoeger16@lavonne.name,949-289-5350 x2723
43859,Dedric McClure,dedric_mcclure@jamil.net,265.952.0236
94059,Kariane O'Reilly,kariane79@paxton.biz,815-416-9881 x2212
63108,Jimmy Schamberger,jimmy.schamberger10@alyson.biz,1-966-578-4864
27852,Delmer Grimes,delmer52@malinda.com,(808) 319-2223 x64010
6912,Albina Nicolas,albina.nicolas71@glenna.net,1-218-521-9942 x064
43249,Hester Turcotte,hester.turcotte@koby.net,748-829-3301 x9197
24088,Jennyfer Corkery,jennyfer68@wendell.net,(626) 916-7484
24308,Kayden Dare,kayden_dare42@madeline.com,1-712-937-2583 x9320
47041,Casey Moen,casey_moen@ethel.biz,1-806-355-2511
70543,Garrick Rolfson,garrick16@stevie.info,1-729-941-7547 x711
61082,Domenic Becker,domenic.becker@jaclyn.name,(797) 609-7009 x8305
40975,Matilde Smith,matilde34@ferne.org,609-719-1401
71914,Jace Nienow,jace94@vanessa.biz,1-842-996-7392 x604
23219,Julio MacGyver,julio35@nellie.name,1-966-221-2988 x40675
73774,Johnson Medhurst,johnson.medhurst@trey.com,(695) 659-9445 x822
85501,Arianna Kuhn,arianna_kuhn61@darian.biz,(499) 748-7022
12007,Cornell Franecki,cornell_franecki@cecil.net,(873) 783-4303 x679
80107,Lindsay Gulgowski,lindsay_gulgowski72@keon.com,(331) 468-5467
16421,Vivien O'Reilly,vivien.oreilly76@brenden.biz,(976) 203-9260 x8255
69611,Delbert Yost,delbert58@gregorio.info,777.337.6829
68017,Elinore Feeney,elinore_feeney@maxie.biz,813.934.7060 x29437
41730,Theodora Towne,theodora5@baby.com,741.649.9304 x01090
71921,Brycen Tromp,brycen_tromp34@fern.org,(321) 398-8320
53250,Tiana Abshire,tiana_abshire@brendan.org,1-458-481-3859 x34622
56440,Cole Schmeler,cole_schmeler47@laron.biz,1-217-429-4243
57410,Marian Goodwin,marian30@alan.com,739-572-6656 x018
82145,Josie Morissette,josie.morissette89@gretchen.name,(557) 569-9377
53118,Orlo Waters,orlo48@tyreek.net,256.658.9272
6125,Ted Torp,ted_torp@turner.net,617-914-4577
33720,Clare Goldner,clare1@herminio.biz,387-766-5006 x670
21071,Jesse Swift,jesse.swift19@estefania.name,1-698-716-5310 x2483
11328,Rene Smith,rene70@ahmed.biz,624.611.4587 x6249
30068,Leann Wunsch,leann20@brielle.name,740.270.6660 x34681
52486,Carlos Schroeder,carlos50@lea.info,(598) 781-7183 x53523
21595,Alayna Bruen,alayna89@torrey.com,1-382-817-9749 x188
33954,Guido Koss,guido_koss@mateo.com,1-936-609-4178 x41693
46420,Nova Bogan,nova.bogan@kennith.info,(592) 767-5474 x2104
72942,Aiden Jacobson,aiden.jacobson@nico.net,597.610.0818 x20678
73260,Julio Runolfsson,julio_runolfsson@idell.net,(767) 647-2462
76811,Tracey Lebsack,tracey55@crystal.net,510.743.6476 x7483
20894,Stone Osinski,stone.osinski@edythe.org,801.270.5887
53684,Reyes Kohler,reyes_kohler87@jarrett.org,283.354.5375 x2198
12802,Frederique Wilkinson,frederique58@uriel.org,(806) 564-3717
44083,Vance Bernhard,vance_bernhard@caroline.name,622.673.5199 x6615
90125,Hunter Hoeger,hunter.hoeger@kacie.name,772-586-8204 x87870
44088,Cody Becker,cody_becker@cortney.net,948.903.9807 x1835
19007,Friedrich Kassulke,friedrich_kassulke@lora.com,1-257-827-8429 x19727
36099,Josefa Hermiston,josefa_hermiston46@kennith.org,380.967.6250 x7521
41995,Andreanne Wisozk,andreanne_wisozk@cordie.name,994.324.6515 x306
58984,Keith Okuneva,keith_okuneva@rose.info,1-356-913-8615
99876,Ryley Prohaska,ryley63@kellie.org,(837) 818-9001 x93505
67416,Merle Turcotte,merle5@mac.net,329-498-5885 x96566
3839,Janae Rippin,janae19@jayda.name,1-949-324-5991 x7561
31943,Melissa Schimmel,melissa.schimmel86@abdul.name,(506) 239-9929
87108,Susie Hudson,susie39@myles.net,622-405-1545
87616,Willie Kunde,willie91@ryann.biz,(209) 272-2662 x41994
68511,Ricky Bruen,ricky_bruen@gabrielle.org,561.447.8826
99571,Izabella Ledner,izabella_ledner@maria.com,1-488-295-6051
49354,Shyanne Bednar,shyanne45@daisha.org,1-578-873-9170
88742,Hailey Johnson,hailey41@arnulfo.com,1-793-267-1365
92977,Claudia Nienow,claudia_nienow@clarabelle.com,641-939-7691
97387,Mina McLaughlin,mina_mclaughlin13@murray.org,971-758-9802 x9969
94898,Maia Gislason,maia_gislason3@rebeka.info,822.730.4721 x4347
32944,Leilani Berge,leilani_berge83@jordyn.net,320-993-2855
52402,Fabiola Herzog,fabiola.herzog@graciela.org,(201) 560-3195 x0891
67557,Reta Breitenberg,reta.breitenberg55@deshawn.com,821.236.4425 x79997
7272,Araceli Mante,araceli.mante64@ahmed.biz,436.787.0133 x74762
75684,Kenyon Wunsch,kenyon14@bethel.net,(794) 781-9885 x713
40814,Royal Lebsack,royal38@mohamed.name,1-858-364-5306
21034,Maritza Von,maritza.von@cicero.net,1-327-964-8922 x5845
62052,Stewart Bergstrom,stewart.bergstrom@martin.info,252.994.7600
3461,Jon Kris,jon_kris@rubie.org,(913) 495-8259 x709
26665,Mabelle Padberg,mabelle_padberg7@kaylah.com,(246) 505-2880
3669,Korbin Wolff,korbin.wolff44@elwyn.org,344.749.2941
34620,Abigail Kautzer,abigail.kautzer8@aracely.info,1-202-655-4899 x8548
33395,Margarete Gutmann,margarete_gutmann41@tanner.name,1-433-528-7138 x42468
79618,Jimmie Nitzsche,jimmie_nitzsche3@drew.com,980-656-8882
90836,Forrest Schuster,forrest.schuster@donna.com,(243) 373-0745
94419,Josephine Howe,josephine.howe59@richie.com,1-236-586-9339 x1474
94949,Kaleb Runolfsdottir,kaleb.runolfsdottir11@freda.info,522.214.7876 x403
86206,Kaylie Hills,kaylie_hills@mireille.biz,(798) 411-7979 x6025
74962,Coby Schmitt,coby.schmitt@nellie.biz,727-424-8912 x991
19623,Adeline Wisoky,adeline_wisoky@doris.info,439.851.3998 x36015
74633,Laverne Sawayn,laverne76@vilma.net,1-228-762-9043 x875
41890,Gabriella O'Reilly,gabriella_oreilly@cleta.biz,848.934.9092
96598,Hunter Friesen,hunter82@giovanni.info,295-490-6176 x0741
50078,Clarabelle Johnston,clarabelle.johnston65@miracle.name,1-966-560-2299 x4749
27309,Alva Hand,alva54@savanah.net,600.821.8589
77866,Zoe Tromp,zoe3@herminia.biz,(254) 333-6514 x89253
3199,Clementine Kuhn,clementine_kuhn@laisha.net,(760) 855-5586
43959,Gail Murray,gail86@everardo.net,434-336-9110 x62070
20798,Camren Mueller,camren_mueller@lucile.com,726.456.2769 x8410
31517,Emery Feil,emery.feil@kasey.biz,(828) 633-3049 x3789
76249,Beulah Stracke,beulah.stracke77@alvera.net,(410) 779-1651 x2531
17309,Mohammad Herman,mohammad_herman74@kattie.org,1-266-396-1266 x91385
62301,Deonte Koch,deonte0@osvaldo.biz,(370) 403-2179 x80178
92923,Grover Hilll,grover.hilll@allen.name,1-486-830-0128
58872,Eddie Rosenbaum,eddie_rosenbaum@geoffrey.biz,740.261.0703 x39499
74944,Raymond Pfannerstill,raymond.pfannerstill@mekhi.com,(309) 845-2608 x7864
65843,Ernesto Schaden,ernesto57@filomena.net,704.599.3053 x1076
352,Lucienne Lynch,lucienne8@modesta.com,697.503.4606 x247
21129,Quincy Brown,quincy.brown70@emerald.org,(454) 578-5721
73376,Elvis Jast,elvis.jast@lewis.biz,462-652-0217 x258
34545,Cleve Bayer,cleve44@cynthia.info,314.601.5619
26529,Vena Kozey,vena.kozey@isadore.com,1-407-761-6216 x952
44073,Kailee Connelly,kailee36@art.info,1-993-368-6224 x94009
19610,Sonia Dietrich,sonia_dietrich@katarina.info,(707) 676-0317
46332,Marcelo Bode,marcelo.bode@josephine.name,1-780-723-3414
86299,Meredith Durgan,meredith.durgan97@jaiden.info,(397) 453-7984
87988,Clifford Rowe,clifford.rowe35@brown.biz,(886) 888-8442
48267,Coby Gutkowski,coby30@alvera.info,260-962-9431 x853
11408,Jimmy Champlin,jimmy60@casimir.name,(561) 834-5064 x210
81566,Vita Mante,vita_mante@telly.info,1-542-307-5722
89066,Danyka Koss,danyka.koss23@lawrence.info,(977) 289-5981
17758,Vallie Quitzon,vallie50@lenore.org,(759) 767-3512
21906,Daniela Waters,daniela_waters@jordyn.org,1-862-626-9882
88422,Dashawn Hudson,dashawn47@demetrius.name,(205) 454-0996
76712,Brooke Wyman,brooke_wyman@lucinda.net,572.963.8552
11804,Ted Kreiger,ted.kreiger15@aletha.org,1-248-823-4667 x220
10705,Savannah Strosin,savannah.strosin@margarita.com,927.205.1495 x96710
24169,Haley Purdy,haley39@keith.info,1-992-248-8113 x3999
17475,Burdette Glover,burdette96@patrick.biz,(349) 926-6190 x0928
2552,Magdalen Considine,magdalen.considine32@damien.biz,(538) 790-5880 x1222
7269,Christine O'Kon,christine.okon43@rosa.info,360.677.0898 x190
78633,Sibyl Hills,sibyl89@berneice.net,235-845-7653
65243,Oleta Steuber,oleta.steuber@jovanny.name,(553) 472-9450
62229,Prince Cummerata,prince20@mellie.biz,1-917-734-5585 x52194
39727,Florida Kozey,florida63@jonathon.org,1-748-884-5550
45059,Scarlett Schaefer,scarlett_schaefer94@darrell.net,387-217-9462 x358
6817,Leanne Cruickshank,leanne23@burdette.info,410-786-8706
15342,Monica Toy,monica58@manley.biz,(354) 965-6037 x2212
17818,Carmen Jakubowski,carmen54@lonnie.org,558.732.8935
52300,Alfredo Tremblay,alfredo11@francisco.name,327-550-8725 x837
15897,Anne Zemlak,anne_zemlak44@elmer.name,(709) 825-7487 x50783
23554,Weston Dickinson,weston0@ezra.org,1-678-910-3914
73836,Armando Orn,armando15@richie.biz,1-348-368-7418 x11384
33373,Dewayne Durgan,dewayne.durgan92@litzy.biz,617-274-4770
74764,Leo Metz,leo.metz93@ellis.name,217-205-4755 x06629
28225,Connor Howe,connor50@stella.biz,(513) 757-3962
14818,Newton Lindgren,newton_lindgren@zoila.com,557-691-8268
35755,Jaylon Hintz,jaylon.hintz@zola.net,743-249-5343 x113
61085,Yasmin Breitenberg,yasmin_breitenberg53@laverne.biz,897-815-2526
20162,Chad Nitzsche,chad_nitzsche@damaris.biz,372-503-8712 x007
6347,Jeanette Block,jeanette71@david.com,579-882-7801 x59109
29005,Jess Connelly,jess.connelly19@laverna.name,219.653.1884 x261
74003,Dorothea Paucek,dorothea13@marilyne.info,991-788-5858 x914
88847,Khalid Maggio,khalid.maggio0@rafaela.name,718.469.5075
79801,Clemmie Morar,clemmie.morar@maci.biz,1-471-830-0966 x942
46625,Alexanne Orn,alexanne.orn22@trisha.name,545.497.4833
94521,Georgette Bednar,georgette_bednar98@aditya.com,936.528.1607
18482,Gretchen Brown,gretchen74@toney.com,1-986-539-2993
71122,Audreanne Kris,audreanne_kris@reggie.name,279-262-0169 x697
80230,Cecelia Luettgen,cecelia.luettgen91@kristin.net,653-209-5928
95838,Karley Considine,karley_considine73@dedric.name,499.503.9999 x697
92738,Tiana Ortiz,tiana.ortiz@camille.org,857-783-2334 x209
49931,Maia Rippin,maia_rippin@esta.info,(321) 619-5287 x2066
65412,Margarett Turcotte,margarett.turcotte68@oscar.net,780.420.7087 x38296
83490,Johan Schmeler,johan.schmeler52@luciano.org,1-980-329-6377
4098,Clair Fahey,clair_fahey@jackeline.info,1-915-869-9994
70478,Anastacio Johnson,anastacio.johnson@tabitha.org,630.678.7979 x3556
66515,Dorian Kunze,dorian8@austin.org,324.349.7791 x8111
76533,Dalton Beahan,dalton77@gregorio.name,(243) 860-6411 x1750
23581,Irving Macejkovic,irving_macejkovic@trycia.com,1-900-561-4974 x326
26356,Bradford Mertz,bradford29@ottilie.biz,413.455.7539
4998,Piper Gutmann,piper.gutmann@chaim.name,1-619-804-0428 x4829
83320,Audreanne Wehner,audreanne.wehner@lurline.name,830.258.1315
73968,Fredrick Morissette,fredrick.morissette7@fern.name,(722) 918-6286 x13424
25973,Aliyah Simonis,aliyah_simonis@jenifer.info,1-398-319-4693 x6189
41272,Mabel Rempel,mabel.rempel@rosella.net,1-266-577-9661
2164,Kieran Aufderhar,kieran_aufderhar23@alessia.net,1-396-254-7448 x40325
54139,Cleve Ziemann,cleve47@garnett.biz,(843) 717-6193
93065,Rachael Hoeger,rachael_hoeger@donato.org,521-571-8133
80681,Iva Turcotte,iva.turcotte@kristian.com,307-416-3108 x0995
28333,Jadyn Krajcik,jadyn.krajcik@roel.com,(784) 463-5352
16328,Ena Boyer,ena_boyer@friedrich.net,397-960-9530
42914,Glen Kozey,glen_kozey@gussie.biz,1-422-908-1816 x78798
92683,Nayeli Gusikowski,nayeli.gusikowski@diego.biz,1-212-729-0801
22720,Emmanuel Fay,emmanuel31@weldon.org,1-801-974-3900
17707,Wellington Corwin,wellington_corwin99@kristina.info,1-273-700-3338 x04776
15177,Jena Dicki,jena89@eloisa.info,319.251.6467 x4899
89074,Bettye Denesik,bettye90@virginie.biz,(244) 414-3940 x6762
97369,Agustin Lesch,agustin.lesch@anastacio.biz,407.691.6369 x0132
21359,Stephania Auer,stephania52@junior.info,527-254-9049
72097,Keegan Hirthe,keegan.hirthe70@alta.info,465.898.2305 x24339
33966,Cathrine Beier,cathrine16@paris.info,777.761.1947
64019,Monserrat Balistreri,monserrat96@colt.name,717.925.4501 x4750
35459,Retha Anderson,retha.anderson@floy.org,1-665-403-9171 x149
89233,Ruby Larson,ruby_larson28@jameson.com,1-561-863-6408 x521
14870,Precious Kirlin,precious.kirlin@madyson.name,346.996.6542 x7357
93505,Hilario Tillman,hilario_tillman@rosalia.com,474-513-4376 x88251
20680,Gregoria Schroeder,gregoria.schroeder@eldred.org,1-513-954-8073
20658,Dalton Gaylord,dalton.gaylord32@robyn.net,552.542.5850
75181,Regan Hermiston,regan_hermiston16@lorenza.biz,840.752.4751
44525,Juanita West,juanita16@nels.name,(213) 694-2094 x449
57061,Elza Krajcik,elza42@macy.info,1-331-386-3109
78993,Darryl Hirthe,darryl_hirthe28@philip.net,551-519-9369
5035,Blaise Schoen,blaise85@mellie.net,1-613-488-1784 x902
28178,Rudy Rowe,rudy.rowe@belle.org,605.305.5282
88250,Abbey Schaden,abbey.schaden92@hal.biz,915.284.0771
4616,Calista Grady,calista.grady22@einar.org,1-777-739-6082
13576,Travon Gusikowski,travon.gusikowski@maia.biz,617.721.6513 x3146
68608,Amparo Lebsack,amparo24@kayleigh.net,468-752-7459 x2869
42361,Billy Sanford,billy.sanford80@jaden.name,(380) 529-5110
26783,Chet Lang,chet_lang42@karine.org,(248) 647-6249
30117,Alvis Walter,alvis.walter85@cleo.biz,789.551.9147
99902,Raquel Fahey,raquel.fahey@robyn.org,946-645-6657 x6417
17916,Vernie Klocko,vernie59@eduardo.name,1-430-807-8623
90951,Emmie Kunze,emmie.kunze@sonia.biz,(528) 657-9168 x9889
52732,Gilberto Sporer,gilberto.sporer61@cathy.org,(676) 364-2701 x623
60283,Dedrick Walter,dedrick_walter74@jacinto.net,(727) 293-9590 x39092
44878,Baron Schmitt,baron.schmitt@laury.org,(938) 425-6910
95220,Garrett Wuckert,garrett32@casimir.biz,467.734.4779 x000
72405,Vida Treutel,vida68@mohammed.org,506.675.9888 x06255
95654,Rubye Lowe,rubye.lowe53@elwyn.com,(452) 913-4917
74945,Letha Bashirian,letha.bashirian@jerel.org,845.355.6513
12575,Desmond Steuber,desmond17@paige.name,1-400-308-8777 x569
89100,Ellsworth Streich,ellsworth40@mckenna.net,(547) 699-9001 x486
98505,Barney Treutel,barney_treutel25@mae.info,581-819-9460
39095,Tyreek Bergstrom,tyreek56@vita.net,602-249-2041
85376,Anita Daniel,anita.daniel35@emie.name,866-400-1692
94970,Marlon Gleichner,marlon_gleichner51@hilda.net,320.941.8676 x5686
73333,Mikel Treutel,mikel13@jarrod.net,(663) 395-0363
64199,Giovanny Shields,giovanny.shields54@ashleigh.com,1-934-446-5558
886,Antwan Moore,antwan63@adriana.net,973-203-9864 x593
16780,Branson Kuhn,branson_kuhn6@lonny.info,844-399-6864
58649,Elias Bergnaum,elias_bergnaum@antonette.name,472-248-8637
69748,Else Volkman,else.volkman@aisha.biz,786.241.8828 x750
7051,Isadore Grimes,isadore_grimes@rhett.org,(552) 731-4510 x993
71054,Austen Beatty,austen_beatty@carolyn.biz,433.992.0272
21444,Bianka Farrell,bianka.farrell41@caterina.org,(870) 945-2818
54361,Kari Romaguera,kari.romaguera@kyra.org,1-314-617-5212 x2621
42198,Terry Buckridge,terry_buckridge80@eladio.org,(388) 792-4339
32831,Idell West,idell12@emmy.name,563.966.5519 x490
57341,Laurie Carter,laurie_carter94@meta.com,575-423-5693 x3707
77165,Misty Schoen,misty69@van.biz,322.466.3891 x4239
6855,Nick Dach,nick_dach@francis.name,240.472.6465 x86368
83904,Erica Roob,erica47@vergie.org,485.235.3294 x168
96020,Derick Hoeger,derick_hoeger@emilio.org,1-357-758-0138 x379
8003,Cleveland Lueilwitz,cleveland96@melyna.biz,1-939-869-8013
91802,Drew Rath,drew9@nelda.biz,(411) 955-9957 x3064
61211,Mariela Krajcik,mariela_krajcik@joelle.biz,837-294-4303 x1780
68017,Tristin Zboncak,tristin_zboncak11@niko.biz,(419) 243-1437 x966
24009,Berenice Ortiz,berenice_ortiz15@mortimer.name,321.754.5702
21681,Brody Bernhard,brody_bernhard99@lilyan.info,(389) 982-3735 x2691
7001,Elouise Kulas,elouise_kulas@juwan.net,(807) 576-8033 x293
63304,Nestor Gutkowski,nestor73@murphy.info,635-398-7727
53946,Jerrod Beier,jerrod50@aletha.info,(233) 446-8106 x1269
54999,Garry Kirlin,garry_kirlin@jaylon.biz,411-400-5004 x9897
37631,Matteo Hauck,matteo37@adriana.biz,606.484.5674
71859,Lula Nienow,lula.nienow93@adella.net,(378) 852-5035 x9828
31931,Herbert Greenfelder,herbert95@jacinthe.name,762-970-6857 x17976
49553,Simeon Vandervort,simeon_vandervort48@therese.net,(609) 765-5127
32582,Bret Pacocha,bret78@shanel.info,482-813-1093
43523,Gage Wintheiser,gage_wintheiser9@katrine.info,1-933-580-1312 x5225
75402,Keon Bartell,keon_bartell75@greyson.com,835.914.6767 x0273
7555,Myra Kovacek,myra10@bertha.com,451-412-9367
1192,Christine Franecki,christine.franecki46@dandre.net,563.237.1988
71357,Arlene Mitchell,arlene.mitchell@ruben.name,1-345-597-1286 x667
98334,Pattie Sipes,pattie13@rosa.name,1-346-890-0273
63828,Lexie Jenkins,lexie_jenkins@emilie.com,985-355-6028 x69463
68750,General Beatty,general_beatty32@celestine.biz,1-818-416-6130 x3096
77633,Colton Wilderman,colton47@lisette.org,1-278-419-3924
20263,Michaela Kirlin,michaela.kirlin90@rozella.info,1-597-475-4906 x1133
19898,Dax Bartell,dax_bartell20@noelia.net,(240) 410-0281 x5385
4293,Savanah Wisoky,savanah93@trycia.net,327.585.7398
55549,Bryon Reilly,bryon_reilly@emely.name,935.849.2523
17699,Jerrold Fritsch,jerrold.fritsch@camren.com,414.577.6291 x130
85895,Antonia Monahan,antonia.monahan54@lula.info,1-975-608-4063
43650,Frederick Herman,frederick.herman@yadira.com,780.856.7569 x1829
25050,Daron Rohan,daron_rohan@colten.name,(901) 361-0411 x89952
54481,Americo Lind,americo_lind@marlee.biz,1-956-329-5120 x36460
86015,Krystel Dickens,krystel.dickens@heber.org,890-656-3232 x96165
42646,Patrick Corkery,patrick_corkery@jany.com,334.652.9497
98249,Reyna Bauch,reyna86@daija.org,709.585.6254 x27274
23997,Clementina Hermiston,clementina.hermiston20@keshaun.net,1-746-646-6459
22172,Jamal Hermann,jamal.hermann@otis.org,1-354-984-0373
38093,Amanda Bergstrom,amanda_bergstrom@brett.net,(779) 358-3286 x212
37092,Ariane Johnston,ariane_johnston7@santa.com,443-557-1098
59980,Candido Lakin,candido61@johnpaul.name,883-759-3557
84884,Ian Zemlak,ian94@mollie.org,(267) 387-7596 x725
57348,Trevion Rosenbaum,trevion.rosenbaum@jaqueline.biz,(585) 957-7117
68154,Danny Brekke,danny_brekke56@marian.net,1-516-355-9292 x727
48714,Nico Lockman,nico.lockman@turner.name,1-553-780-2836 x65739
51889,Benedict Lueilwitz,benedict_lueilwitz98@wade.com,610.995.4954 x1890
77376,Chesley Kutch,chesley_kutch@warren.info,431.939.6753
73620,Gaetano Hills,gaetano_hills@cristal.org,744.700.6212 x087
73166,Everett Schmeler,everett_schmeler@amelia.org,(982) 542-1898
59753,Della Leffler,della71@jakob.biz,906-384-2690
12947,Annabelle Konopelski,annabelle46@keven.name,(646) 748-1485 x19663
31957,Johnnie Kling,johnnie_kling61@shea.name,1-398-793-4116
92563,Linda Grady,linda_grady46@fabiola.com,1-433-331-2535
18422,Sofia Veum,sofia.veum62@evan.com,(371) 881-9736
81284,Daniela Greenholt,daniela_greenholt@jaquan.net,1-305-820-2063 x3108
81268,Justina Strosin,justina.strosin52@bethel.info,514.700.5488 x785
35919,Kirsten Reilly,kirsten_reilly45@alejandrin.org,1-563-307-1063
50624,Garett King,garett.king96@megane.info,313-425-7459
93966,Deondre Pfeffer,deondre.pfeffer81@jace.biz,277-958-1279 x79826
18254,Trisha Thiel,trisha31@sonia.com,297.825.5198 x0048
55912,Donnell Schuppe,donnell.schuppe@melisa.org,635.634.4513
81386,Cortez Renner,cortez65@avis.org,866-218-2346 x16438
28590,Ella Bergstrom,ella1@vada.net,522.318.8028 x25285
85202,Nichole McDermott,nichole_mcdermott9@shannon.name,(537) 426-5425 x652
55132,Rahsaan Green,rahsaan_green@zena.info,588-294-4015
74078,Arvilla Bernhard,arvilla.bernhard17@amelia.org,1-717-992-6549 x605
71133,Rachelle Senger,rachelle.senger43@rickey.name,535-815-6609 x509
83703,Chaya Runolfsdottir,chaya.runolfsdottir@luz.com,(500) 364-0658
82939,Chelsey Dibbert,chelsey.dibbert@darian.biz,834-779-3272 x8058
97348,Adrien Harris,adrien_harris49@dortha.net,1-229-492-8903 x485
24862,Adonis Powlowski,adonis19@gust.com,371.228.9336 x4062
16610,Carolanne McCullough,carolanne74@samara.biz,646.871.5985
21664,Darrin Rempel,darrin90@marion.net,741-583-8908 x466
78988,Evangeline Stehr,evangeline61@myrl.net,1-451-277-0117 x81821
14319,Jamie Gusikowski,jamie.gusikowski87@arianna.name,556-216-4660 x079
25917,Hardy Cartwright,hardy31@jerry.net,960-811-3037
22423,Delores Barton,delores_barton69@elenor.net,431-441-3952 x9504
8033,Wilfredo Klein,wilfredo_klein@nicklaus.biz,473.226.0278 x8988
95291,Glennie Schiller,glennie.schiller@dusty.org,751.449.1011 x861
77984,Carmel Boyle,carmel77@adrien.com,883.345.3954 x970
87007,Emely Marvin,emely.marvin27@valerie.biz,445.265.6825 x096
48146,Earlene Heller,earlene91@jermey.name,920.702.2494 x7363
69658,Sarai Veum,sarai_veum77@guido.biz,1-619-547-8719 x64386
20455,Ollie Prosacco,ollie_prosacco2@carlie.org,610-337-9042 x070
81425,Dorothea Haag,dorothea14@major.net,(297) 386-1139
74269,Maybelle Schulist,maybelle.schulist@brianne.net,(210) 472-8166
685,Yoshiko Morissette,yoshiko.morissette@alda.name,292-413-0150
77265,Makenna Rodriguez,makenna2@winona.biz,1-991-568-9680 x477
48075,Foster Goodwin,foster.goodwin77@jayden.biz,953-228-8465 x21227
37207,Shanelle Hartmann,shanelle.hartmann@kassandra.biz,368-601-6555 x25774
75651,Zachery Koelpin,zachery27@caleigh.net,1-378-218-2204 x681
28322,Immanuel Schroeder,immanuel_schroeder58@jonathan.org,(305) 731-3597
88557,Mylene Kuhn,mylene_kuhn@makenzie.name,449-865-4180 x3909
